<?xml version="1.0" encoding="UTF-8"?>

<Database>
  <Setting type="32">
    <Driver></Driver>
    <DriverFiles></DriverFiles>
    <Dialect></Dialect>
    <DriverClass></DriverClass>
    <URL></URL>
    <UserName></UserName>
    <EncryptedPassword>32F3ACE632ECEBAFB24DCAF99A8C6CDC</EncryptedPassword>
    <HostName></HostName>
    <PortNO></PortNO>
    <DBName></DBName>
    <ServiceName></ServiceName>
    <ServerName></ServerName>
    <SelectedForm>true</SelectedForm>
  </Setting>
  <Setting type="16777216">
    <Driver>MariaDB</Driver>
    <DriverFiles>&lt;&lt;MariaDB 1.8.0&gt;&gt;</DriverFiles>
    <Dialect>org.hibernate.dialect.MySQL5Dialect</Dialect>
    <DriverClass>org.mariadb.jdbc.Driver</DriverClass>
    <URL>jdbc:mariadb://localhost/greenhouse</URL>
    <UserName>root</UserName>
    <EncryptedPassword>86B5D09CD8912AF029972D274BBCBE9B</EncryptedPassword>
    <HostName>localhost</HostName>
    <PortNO></PortNO>
    <DBName>greenhouse</DBName>
    <ServiceName></ServiceName>
    <ServerName></ServerName>
    <SelectedForm>true</SelectedForm>
  </Setting>
  <Setting type="2">
    <Driver></Driver>
    <DriverFiles></DriverFiles>
    <Dialect></Dialect>
    <DriverClass></DriverClass>
    <URL></URL>
    <UserName></UserName>
    <EncryptedPassword>32F3ACE632ECEBAFB24DCAF99A8C6CDC</EncryptedPassword>
    <HostName></HostName>
    <PortNO></PortNO>
    <DBName></DBName>
    <ServiceName></ServiceName>
    <ServerName></ServerName>
    <SelectedForm>true</SelectedForm>
  </Setting>
</Database>
