<?xml version="1.0" encoding="utf-8" ?>
<!--
Licensee: 
License Type: Evaluation
-->
<!DOCTYPE hibernate-configuration PUBLIC
        "-//Hibernate/Hibernate Configuration DTD 3.0//EN"
 "http://www.hibernate.org/dtd/hibernate-configuration-3.0.dtd">
<hibernate-configuration>
	<session-factory>
   	<!-- properties -->
		<property name="dialect">org.hibernate.dialect.MySQL5Dialect</property>
		<property name="connection.driver_class">org.mariadb.jdbc.Driver</property>
		<property name="connection.url">jdbc:mariadb://localhost/greenhouse</property>
		<property name="connection.username">root</property>
		<property name="connection.password">password</property>
		<property name="show_sql">false</property>
		<property name="query.substitutions">true 1, false 0, yes 'Y', no 'N'</property>
		<!-- mapping files -->
		<mapping resource="ormmapping/packagediagramdesktopcomponent/model/Ambiente.hbm.xml" />
		<mapping resource="ormmapping/packagediagramdesktopcomponent/model/AreaColtivata.hbm.xml" />
		<mapping resource="ormmapping/packagediagramdesktopcomponent/model/Coltivazione.hbm.xml" />
		<mapping resource="ormmapping/packagediagramdesktopcomponent/model/DescrizioneColtivazione.hbm.xml" />
		<mapping resource="ormmapping/packagediagramdesktopcomponent/model/Impiegato.hbm.xml" />
		<mapping resource="ormmapping/packagediagramdesktopcomponent/model/Sezione.hbm.xml" />
	</session-factory>
</hibernate-configuration>
