<?xml version="1.0" encoding="utf-8" ?>
<!--
Licensee: 
License Type: Evaluation
-->
<!DOCTYPE hibernate-mapping PUBLIC "-//Hibernate/Hibernate Mapping DTD 3.0//EN" "http://www.hibernate.org/dtd/hibernate-mapping-3.0.dtd">
<hibernate-mapping>
	<class name="packagediagramdesktopcomponent.model.Coltivazione" table="Coltivazione" lazy="false">
		<id name="ID" column="ID" type="integer" unsaved-value="0">
			<generator class="native">
			</generator>
		</id>
		<property name="stato" column="Stato" type="string" length="255" not-null="false" lazy="false"/>
		<property name="data_prossima_operazione" column="Data_prossima_operazione" type="date" not-null="false" lazy="false"/>
		<many-to-one name="descrizione" cascade="lock" column="DescrizioneColtivazioneID" class="packagediagramdesktopcomponent.model.DescrizioneColtivazione" not-null="true" lazy="proxy" access="field">
		</many-to-one>
		<one-to-one name="area" class="packagediagramdesktopcomponent.model.AreaColtivata" cascade="save-update,lock" property-ref="coltivazione" lazy="proxy" access="field"/>
		<set name="ORM_Impiegato" table="Coltivazione_Impiegato2" lazy="true" cascade="save-update,lock">
			<key column="ColtivazioneID" not-null="true"/>
			<many-to-many column="ImpiegatoID" class="packagediagramdesktopcomponent.model.Impiegato">
			</many-to-many>
		</set>
	</class>
</hibernate-mapping>
