<?xml version="1.0" encoding="utf-8" ?>
<!--
Licensee: 
License Type: Evaluation
-->
<!DOCTYPE hibernate-mapping PUBLIC "-//Hibernate/Hibernate Mapping DTD 3.0//EN" "http://www.hibernate.org/dtd/hibernate-mapping-3.0.dtd">
<hibernate-mapping>
	<class name="packagediagramdesktopcomponent.model.Sezione" table="Sezione" lazy="false">
		<id name="ID" column="ID" type="integer" unsaved-value="0">
			<generator class="native">
			</generator>
		</id>
		<set name="ORM_Aree" lazy="true" cascade="save-update,lock" inverse="true">
			<key column="SezioneID" not-null="true"/>
			<one-to-many class="packagediagramdesktopcomponent.model.AreaColtivata"/>
		</set>
	</class>
</hibernate-mapping>
